[
  {
    "key": "group_67bf615a25b23",
    "title": "Certifications Field Group",
    "fields": [
      {
        "key": "field_67bf615add99b",
        "label": "Intro",
        "name": "intro",
        "aria-label": "",
        "type": "wysiwyg",
        "instructions": "",
        "required": 0,
        "conditional_logic": 0,
        "wrapper": {
          "width": "",
          "class": "",
          "id": ""
        },
        "relevanssi_exclude": 0,
        "default_value": "",
        "allow_in_bindings": 0,
        "tabs": "all",
        "toolbar": "full",
        "media_upload": 1,
        "delay": 0
      },
      {
        "key": "field_67bf6184dd99c",
        "label": "Prepare & Apply",
        "name": "prepare_&_apply",
        "aria-label": "",
        "type": "wysiwyg",
        "instructions": "",
        "required": 0,
        "conditional_logic": 0,
        "wrapper": {
          "width": "",
          "class": "",
          "id": ""
        },
        "relevanssi_exclude": 0,
        "default_value": "",
        "allow_in_bindings": 0,
        "tabs": "all",
        "toolbar": "full",
        "media_upload": 1,
        "delay": 0
      },
      {
        "key": "field_67bf6196dd99d",
        "label": "Get Certified",
        "name": "get_certified",
        "aria-label": "",
        "type": "wysiwyg",
        "instructions": "",
        "required": 0,
        "conditional_logic": 0,
        "wrapper": {
          "width": "",
          "class": "",
          "id": ""
        },
        "relevanssi_exclude": 0,
        "default_value": "",
        "allow_in_bindings": 0,
        "tabs": "all",
        "toolbar": "full",
        "media_upload": 1,
        "delay": 0
      },
      {
        "key": "field_67bf61a3dd99e",
        "label": "After The Exam",
        "name": "after_the_exam",
        "aria-label": "",
        "type": "wysiwyg",
        "instructions": "",
        "required": 0,
        "conditional_logic": 0,
        "wrapper": {
          "width": "",
          "class": "",
          "id": ""
        },
        "relevanssi_exclude": 0,
        "default_value": "",
        "allow_in_bindings": 0,
        "tabs": "all",
        "toolbar": "full",
        "media_upload": 1,
        "delay": 0
      },
      {
        "key": "field_67bf61afdd99f",
        "label": "Documents",
        "name": "documents",
        "aria-label": "",
        "type": "wysiwyg",
        "instructions": "",
        "required": 0,
        "conditional_logic": 0,
        "wrapper": {
          "width": "",
          "class": "",
          "id": ""
        },
        "relevanssi_exclude": 0,
        "default_value": "",
        "allow_in_bindings": 0,
        "tabs": "all",
        "toolbar": "full",
        "media_upload": 1,
        "delay": 0
      }
    ],
    "location": [
      [
        {
          "param": "post_type",
          "operator": "==",
          "value": "certification"
        }
      ]
    ],
    "menu_order": 0,
    "position": "normal",
    "style": "default",
    "label_placement": "top",
    "instruction_placement": "label",
    "hide_on_screen": "",
    "active": true,
    "description": "",
    "show_in_rest": 0
  }
]
